--t_config
INSERT INTO hera.t_config (CONFIG_ID, CONFIG_CODE, SHDES, DESCRIPTION, CONFIG_VALUE, ENTRY_DATE, LAST_UPDATE_DATE, LAST_USER_ID, VERSION ) VALUES(38, 'TERMINAL_MAX_PIN_TRIES', 'TERMINAL_MAX_PIN_TRIES', 'Número máximo consecutivo de tentativas de login do terminal', '3', SYSDATE, SYSDATE, 'Terminais2021', 1 );
INSERT INTO hera.t_config (CONFIG_ID, CONFIG_CODE, SHDES, DESCRIPTION, CONFIG_VALUE, ENTRY_DATE, LAST_UPDATE_DATE, LAST_USER_ID, VERSION ) VALUES(39, 'MANAGER_MAX_PIN_TRIES', 'MANAGER_MAX_PIN_TRIES', 'Número máximo consecutivo de tentativas de login do gerente.', '3', SYSDATE, SYSDATE, 'Terminais2021', 1 );
INSERT INTO hera.t_config (CONFIG_ID, CONFIG_CODE, SHDES, DESCRIPTION, CONFIG_VALUE, ENTRY_DATE, LAST_UPDATE_DATE, LAST_USER_ID, VERSION ) VALUES(40, 'LIST_LOGIN_REASON_LOCK', 'LIST_LOGIN_REASON_LOCK', 'Lista de razões pela qual o login de terminal pode ficar bloqueado', 'R_ETPT;R_ETPG;R_BBP', SYSDATE, SYSDATE, 'Terminais2021', 1 );

--t_game_funcionality_status
INSERT INTO hera.t_game_funcionality_status (GAME_FUNCIONALITY_STATUS_ID, SHDES, DESCRIPTION, ENTRY_DATE, LAST_UPDATE_DATE, LAST_USER_ID, VERSION ) VALUES(0, 'GFS_NA', 'Não Aplicável', SYSDATE, SYSDATE, 'Terminais2021', 1 );

--t_reason
INSERT INTO hera.t_reason (REASON_ID, SHDES, DESCRIPTION, ENTRY_DATE, LAST_UPDATE_DATE, LAST_USER_ID, VERSION ) VALUES(132, 'R_ETPT', 'Excedidas as tentativas de login do terminal.', SYSDATE, SYSDATE, 'Terminais2021', 1 );
INSERT INTO hera.t_reason (REASON_ID, SHDES, DESCRIPTION, ENTRY_DATE, LAST_UPDATE_DATE, LAST_USER_ID, VERSION ) VALUES(133, 'R_ETPG', 'Excedidas as tentativas de login do gerente.', SYSDATE, SYSDATE, 'Terminais2021', 1 );
INSERT INTO hera.t_reason (REASON_ID, SHDES, DESCRIPTION, ENTRY_DATE, LAST_UPDATE_DATE, LAST_USER_ID, VERSION ) VALUES(134, 'R_BBP', 'Bloqueado pelo botão de panico', SYSDATE, SYSDATE, 'Terminais2021', 1 );

--t_reason_type
INSERT INTO hera.t_reason_type (REASON_TYPE_ID, SHDES, DESCRIPTION, ENTRY_DATE, LAST_UPDATE_DATE, LAST_USER_ID, VERSION ) VALUES(13, 'RT_L', 'Login', SYSDATE, SYSDATE, 'Terminais2021', 1 );

--t_reason_map
INSERT INTO hera.t_reason_map (REASON_MAP_ID, REASON_TYPE_ID, REASON_ID, ENTRY_DATE, LAST_UPDATE_DATE, LAST_USER_ID, VERSION ) VALUES(234, '13', '132', SYSDATE, SYSDATE, 'Terminais2021', 1 );
INSERT INTO hera.t_reason_map (REASON_MAP_ID, REASON_TYPE_ID, REASON_ID, ENTRY_DATE, LAST_UPDATE_DATE, LAST_USER_ID, VERSION ) VALUES(235, '13', '133', SYSDATE, SYSDATE, 'Terminais2021', 1 );
INSERT INTO hera.t_reason_map (REASON_MAP_ID, REASON_TYPE_ID, REASON_ID, ENTRY_DATE, LAST_UPDATE_DATE, LAST_USER_ID, VERSION ) VALUES(236, '13', '134', SYSDATE, SYSDATE, 'Terminais2021', 1 );

--t_reason_entity_status
INSERT INTO hera.t_reason_entity_status (REASON_ENTITY_STATUS_ID, REASON_MAP_ID, ENTITY_TYPE_ID, REASON_ENTITY_TYPE_STATUS_ID, ENTRY_DATE, LAST_UPDATE_DATE, LAST_USER_ID, VERSION ) VALUES(1, '234', '5', '1', SYSDATE, SYSDATE, 'Terminais2021', 1 );
INSERT INTO hera.t_reason_entity_status (REASON_ENTITY_STATUS_ID, REASON_MAP_ID, ENTITY_TYPE_ID, REASON_ENTITY_TYPE_STATUS_ID, ENTRY_DATE, LAST_UPDATE_DATE, LAST_USER_ID, VERSION ) VALUES(2, '235', '5', '1', SYSDATE, SYSDATE, 'Terminais2021', 1 );
INSERT INTO hera.t_reason_entity_status (REASON_ENTITY_STATUS_ID, REASON_MAP_ID, ENTITY_TYPE_ID, REASON_ENTITY_TYPE_STATUS_ID, ENTRY_DATE, LAST_UPDATE_DATE, LAST_USER_ID, VERSION ) VALUES(3, '236', '5', '1', SYSDATE, SYSDATE, 'Terminais2021', 1 );
INSERT INTO hera.t_reason_entity_status (REASON_ENTITY_STATUS_ID, REASON_MAP_ID, ENTITY_TYPE_ID, REASON_ENTITY_TYPE_STATUS_ID, ENTRY_DATE, LAST_UPDATE_DATE, LAST_USER_ID, VERSION ) VALUES(4, '234', '5', '2', SYSDATE, SYSDATE, 'Terminais2021', 1 );
INSERT INTO hera.t_reason_entity_status (REASON_ENTITY_STATUS_ID, REASON_MAP_ID, ENTITY_TYPE_ID, REASON_ENTITY_TYPE_STATUS_ID, ENTRY_DATE, LAST_UPDATE_DATE, LAST_USER_ID, VERSION ) VALUES(5, '235', '5', '2', SYSDATE, SYSDATE, 'Terminais2021', 1 );
INSERT INTO hera.t_reason_entity_status (REASON_ENTITY_STATUS_ID, REASON_MAP_ID, ENTITY_TYPE_ID, REASON_ENTITY_TYPE_STATUS_ID, ENTRY_DATE, LAST_UPDATE_DATE, LAST_USER_ID, VERSION ) VALUES(6, '236', '5', '2', SYSDATE, SYSDATE, 'Terminais2021', 1 );

--t_transaction_type
INSERT INTO hera.t_transaction_type (TRANSACTION_TYPE_ID, SHDES, DESCRIPTION, SERIAL_NUMBER_TYPE, REPRINTABLE_FLAG, ENTRY_DATE, LAST_UPDATE_DATE, LAST_USER_ID, VERSION ) VALUES(532, 'TRT_TL', 'Terminal Login', '99', NULL, SYSDATE, SYSDATE, 'Terminais2021', 1 );
INSERT INTO hera.t_transaction_type (TRANSACTION_TYPE_ID, SHDES, DESCRIPTION, SERIAL_NUMBER_TYPE, REPRINTABLE_FLAG, ENTRY_DATE, LAST_UPDATE_DATE, LAST_USER_ID, VERSION ) VALUES(533, 'TRT_ML', 'Manager Login', '99', NULL, SYSDATE, SYSDATE, 'Terminais2021', 1 );
INSERT INTO hera.t_transaction_type (TRANSACTION_TYPE_ID, SHDES, DESCRIPTION, SERIAL_NUMBER_TYPE, REPRINTABLE_FLAG, ENTRY_DATE, LAST_UPDATE_DATE, LAST_USER_ID, VERSION ) VALUES(534, 'TRT_PJ', 'Parametros de Jogo', '99', NULL, SYSDATE, SYSDATE, 'Terminais2021', 1 );
INSERT INTO hera.t_transaction_type (TRANSACTION_TYPE_ID, SHDES, DESCRIPTION, SERIAL_NUMBER_TYPE, REPRINTABLE_FLAG, ENTRY_DATE, LAST_UPDATE_DATE, LAST_USER_ID, VERSION ) VALUES(536, 'TRT_RCRT', 'Relatório chaves e resultados (Terminal)', '99', NULL, SYSDATE, SYSDATE, 'Terminais2021', 1 );
INSERT INTO hera.t_transaction_type (TRANSACTION_TYPE_ID, SHDES, DESCRIPTION, SERIAL_NUMBER_TYPE, REPRINTABLE_FLAG, ENTRY_DATE, LAST_UPDATE_DATE, LAST_USER_ID, VERSION ) VALUES(537, 'TRT_G', 'Transacção Genérica', '99', NULL, SYSDATE, SYSDATE, 'Terminais2021', 1 );
INSERT INTO hera.t_transaction_type (TRANSACTION_TYPE_ID, SHDES, DESCRIPTION, SERIAL_NUMBER_TYPE, REPRINTABLE_FLAG, ENTRY_DATE, LAST_UPDATE_DATE, LAST_USER_ID, VERSION ) VALUES(538, 'TRT_SONMILL', 'Sign-on Millennium', '99', NULL, SYSDATE, SYSDATE, 'Terminais2021', 1 );
INSERT INTO hera.t_transaction_type (TRANSACTION_TYPE_ID, SHDES, DESCRIPTION, SERIAL_NUMBER_TYPE, REPRINTABLE_FLAG, ENTRY_DATE, LAST_UPDATE_DATE, LAST_USER_ID, VERSION ) VALUES(553, 'TRT_RTPT', 'Reset das tentativas de pin do terminal', '99', NULL, SYSDATE, SYSDATE, 'Terminais2021', 1 );
INSERT INTO hera.t_transaction_type (TRANSACTION_TYPE_ID, SHDES, DESCRIPTION, SERIAL_NUMBER_TYPE, REPRINTABLE_FLAG, ENTRY_DATE, LAST_UPDATE_DATE, LAST_USER_ID, VERSION ) VALUES(554, 'TRT_RTPG', 'Reset das tentativas de pin do gerente', '99', NULL, SYSDATE, SYSDATE, 'Terminais2021', 1 );
INSERT INTO hera.t_transaction_type (TRANSACTION_TYPE_ID, SHDES, DESCRIPTION, SERIAL_NUMBER_TYPE, REPRINTABLE_FLAG, ENTRY_DATE, LAST_UPDATE_DATE, LAST_USER_ID, VERSION ) VALUES(555, 'TRT_APT', 'Alteração da password do terminal', '99', NULL, SYSDATE, SYSDATE, 'Terminais2021', 1 );
INSERT INTO hera.t_transaction_type (TRANSACTION_TYPE_ID, SHDES, DESCRIPTION, SERIAL_NUMBER_TYPE, REPRINTABLE_FLAG, ENTRY_DATE, LAST_UPDATE_DATE, LAST_USER_ID, VERSION ) VALUES(556, 'TRT_APG', 'Alteração da password do gerente', '99', NULL, SYSDATE, SYSDATE, 'Terminais2021', 1 );

--t_transaction_status
INSERT INTO hera.t_transaction_status (TRANSACTION_STATUS_ID, SHDES, DESCRIPTION, ENTRY_DATE, LAST_UPDATE_DATE, LAST_USER_ID, VERSION ) VALUES(4, TRS_P, Pendente, SYSDATE, SYSDATE, 'Terminais2021', 1 );

--t_game_type
INSERT INTO hera.t_game_type (GAME_TYPE_ID, SHDES, DESCRIPTION, ENTRY_DATE, LAST_UPDATE_DATE, LAST_USER_ID, VERSION ) VALUES(4, 'GT_LT', 'Lotto', SYSDATE, SYSDATE, 'Terminais2021', 1 );
INSERT INTO hera.t_game_type (GAME_TYPE_ID, SHDES, DESCRIPTION, ENTRY_DATE, LAST_UPDATE_DATE, LAST_USER_ID, VERSION ) VALUES(5, 'GT_SP', 'Sports', SYSDATE, SYSDATE, 'Terminais2021', 1 );
INSERT INTO hera.t_game_type (GAME_TYPE_ID, SHDES, DESCRIPTION, ENTRY_DATE, LAST_UPDATE_DATE, LAST_USER_ID, VERSION ) VALUES(6, 'GT_EM', 'Euromilhões', SYSDATE, SYSDATE, 'Terminais2021', 1 );
INSERT INTO hera.t_game_type (GAME_TYPE_ID, SHDES, DESCRIPTION, ENTRY_DATE, LAST_UPDATE_DATE, LAST_USER_ID, VERSION ) VALUES(7, 'GT_ST', 'Sorteio', SYSDATE, SYSDATE, 'Terminais2021', 1 );
INSERT INTO hera.t_game_type (GAME_TYPE_ID, SHDES, DESCRIPTION, ENTRY_DATE, LAST_UPDATE_DATE, LAST_USER_ID, VERSION ) VALUES(8, 'GT_OS', 'Oddset', SYSDATE, SYSDATE, 'Terminais2021', 1 );

--t_system
INSERT INTO hera.t_system (SYSTEM_ID, SHDES, DESCRIPTION, SYSTEM_STATUS_ID, ENTRY_DATE, LAST_UPDATE_DATE, LAST_USER_ID, VERSION ) VALUES(4, 'MILL', 'Millennium', 1, SYSDATE, SYSDATE, 'Terminais2021', 1 );
INSERT INTO hera.t_system (SYSTEM_ID, SHDES, DESCRIPTION, SYSTEM_STATUS_ID, ENTRY_DATE, LAST_UPDATE_DATE, LAST_USER_ID, VERSION ) VALUES(5, 'EM', 'Euromilhões', 1, SYSDATE, SYSDATE, 'Terminais2021', 1 );
INSERT INTO hera.t_system (SYSTEM_ID, SHDES, DESCRIPTION, SYSTEM_STATUS_ID, ENTRY_DATE, LAST_UPDATE_DATE, LAST_USER_ID, VERSION ) VALUES(6, 'ABP', 'ABP - Placard', 1, SYSDATE, SYSDATE, 'Terminais2021', 1 );

--t_game
INSERT INTO hera.t_game (GAME_ID, SHDES, DESCRIPTION, GAME_NUMBER, GAME_STATUS_ID, GAME_TYPE_ID, SYSTEM_ID, SALES_STATUS_ID, CANCELATION_STATUS_ID, PRIZE_VALIDATION_STATUS_ID, PRIZE_PAYMENT_STATUS_ID, ORDER_STATUS_ID, RETURN_STATUS_ID, COMMISSION, COMMISSION_1, COMMISSION_2, WAGER_IDENTIFICATION_FLAG, DELIVERY_STATUS_ID, RECEPTION_STATUS_ID, FINANCIAL_REPORT_STATUS_ID, REPORT_STATUS_ID, ENTRY_DATE, LAST_UPDATE_DATE, LAST_USER_ID, VERSION ) VALUES(4, 'G_TL', 'Totoloto', '06', 1, 4, 4, 1, 1, 1, 1, 2, 2, 2, 2, 2, NULL, 2, 2, 1, 1, SYSDATE, SYSDATE, 'Terminais2021', 1 );
INSERT INTO hera.t_game (GAME_ID, SHDES, DESCRIPTION, GAME_NUMBER, GAME_STATUS_ID, GAME_TYPE_ID, SYSTEM_ID, SALES_STATUS_ID, CANCELATION_STATUS_ID, PRIZE_VALIDATION_STATUS_ID, PRIZE_PAYMENT_STATUS_ID, ORDER_STATUS_ID, RETURN_STATUS_ID, COMMISSION, COMMISSION_1, COMMISSION_2, WAGER_IDENTIFICATION_FLAG, DELIVERY_STATUS_ID, RECEPTION_STATUS_ID, FINANCIAL_REPORT_STATUS_ID, REPORT_STATUS_ID, ENTRY_DATE, LAST_UPDATE_DATE, LAST_USER_ID, VERSION ) VALUES(5, 'G_TB', 'Totobola', '01', 1, 5, 4, 1, 1, 1, 1, 2, 2, 2, 2, 2, NULL, 2, 2, 1, 1, SYSDATE, SYSDATE, 'Terminais2021', 1 );
INSERT INTO hera.t_game (GAME_ID, SHDES, DESCRIPTION, GAME_NUMBER, GAME_STATUS_ID, GAME_TYPE_ID, SYSTEM_ID, SALES_STATUS_ID, CANCELATION_STATUS_ID, PRIZE_VALIDATION_STATUS_ID, PRIZE_PAYMENT_STATUS_ID, ORDER_STATUS_ID, RETURN_STATUS_ID, COMMISSION, COMMISSION_1, COMMISSION_2, WAGER_IDENTIFICATION_FLAG, DELIVERY_STATUS_ID, RECEPTION_STATUS_ID, FINANCIAL_REPORT_STATUS_ID, REPORT_STATUS_ID, ENTRY_DATE, LAST_UPDATE_DATE, LAST_USER_ID, VERSION ) VALUES(6, 'G_TBE', 'Totobola Extra', '10', 1, 5, 4, 1, 1, 1, 1, 2, 2, 2, 2, 2, NULL, 2, 2, 1, 1, SYSDATE, SYSDATE, 'Terminais2021', 1 );
INSERT INTO hera.t_game (GAME_ID, SHDES, DESCRIPTION, GAME_NUMBER, GAME_STATUS_ID, GAME_TYPE_ID, SYSTEM_ID, SALES_STATUS_ID, CANCELATION_STATUS_ID, PRIZE_VALIDATION_STATUS_ID, PRIZE_PAYMENT_STATUS_ID, ORDER_STATUS_ID, RETURN_STATUS_ID, COMMISSION, COMMISSION_1, COMMISSION_2, WAGER_IDENTIFICATION_FLAG, DELIVERY_STATUS_ID, RECEPTION_STATUS_ID, FINANCIAL_REPORT_STATUS_ID, REPORT_STATUS_ID, ENTRY_DATE, LAST_UPDATE_DATE, LAST_USER_ID, VERSION ) VALUES(7, 'G_LI_M', 'Lotaria Instantânea', '15', 1, 2, 4, 1, 1, 1, 1, 1, 2, 2, 2, 2, NULL, 1, 1, 1, 1, SYSDATE, SYSDATE, 'Terminais2021', 1 );
INSERT INTO hera.t_game (GAME_ID, SHDES, DESCRIPTION, GAME_NUMBER, GAME_STATUS_ID, GAME_TYPE_ID, SYSTEM_ID, SALES_STATUS_ID, CANCELATION_STATUS_ID, PRIZE_VALIDATION_STATUS_ID, PRIZE_PAYMENT_STATUS_ID, ORDER_STATUS_ID, RETURN_STATUS_ID, COMMISSION, COMMISSION_1, COMMISSION_2, WAGER_IDENTIFICATION_FLAG, DELIVERY_STATUS_ID, RECEPTION_STATUS_ID, FINANCIAL_REPORT_STATUS_ID, REPORT_STATUS_ID, ENTRY_DATE, LAST_UPDATE_DATE, LAST_USER_ID, VERSION ) VALUES(8, 'G_EM', 'Euromilhões', '11', 1, 6, 5, 1, 1, 1, 1, 2, 2, 2, 2, 2, NULL, 2, 2, 1, 1, SYSDATE, SYSDATE, 'Terminais2021', 1 );
INSERT INTO hera.t_game (GAME_ID, SHDES, DESCRIPTION, GAME_NUMBER, GAME_STATUS_ID, GAME_TYPE_ID, SYSTEM_ID, SALES_STATUS_ID, CANCELATION_STATUS_ID, PRIZE_VALIDATION_STATUS_ID, PRIZE_PAYMENT_STATUS_ID, ORDER_STATUS_ID, RETURN_STATUS_ID, COMMISSION, COMMISSION_1, COMMISSION_2, WAGER_IDENTIFICATION_FLAG, DELIVERY_STATUS_ID, RECEPTION_STATUS_ID, FINANCIAL_REPORT_STATUS_ID, REPORT_STATUS_ID, ENTRY_DATE, LAST_UPDATE_DATE, LAST_USER_ID, VERSION ) VALUES(9, 'G_M', 'M1lhão', '13', 1, 7, 5, 1, 1, 1, 1, 2, 2, 2, 2, 2, NULL, 2, 2, 1, 1, SYSDATE, SYSDATE, 'Terminais2021', 1 );
INSERT INTO hera.t_game (GAME_ID, SHDES, DESCRIPTION, GAME_NUMBER, GAME_STATUS_ID, GAME_TYPE_ID, SYSTEM_ID, SALES_STATUS_ID, CANCELATION_STATUS_ID, PRIZE_VALIDATION_STATUS_ID, PRIZE_PAYMENT_STATUS_ID, ORDER_STATUS_ID, RETURN_STATUS_ID, COMMISSION, COMMISSION_1, COMMISSION_2, WAGER_IDENTIFICATION_FLAG, DELIVERY_STATUS_ID, RECEPTION_STATUS_ID, FINANCIAL_REPORT_STATUS_ID, REPORT_STATUS_ID, ENTRY_DATE, LAST_UPDATE_DATE, LAST_USER_ID, VERSION ) VALUES(10, 'G_SOM', 'Chuva de Milionários', '14', 1, 7, 5, 1, 1, 1, 1, 2, 2, 2, 2, 2, NULL, 2, 2, 1, 1, SYSDATE, SYSDATE, 'Terminais2021', 1 );
INSERT INTO hera.t_game (GAME_ID, SHDES, DESCRIPTION, GAME_NUMBER, GAME_STATUS_ID, GAME_TYPE_ID, SYSTEM_ID, SALES_STATUS_ID, CANCELATION_STATUS_ID, PRIZE_VALIDATION_STATUS_ID, PRIZE_PAYMENT_STATUS_ID, ORDER_STATUS_ID, RETURN_STATUS_ID, COMMISSION, COMMISSION_1, COMMISSION_2, WAGER_IDENTIFICATION_FLAG, DELIVERY_STATUS_ID, RECEPTION_STATUS_ID, FINANCIAL_REPORT_STATUS_ID, REPORT_STATUS_ID, ENTRY_DATE, LAST_UPDATE_DATE, LAST_USER_ID, VERSION ) VALUES(11, 'G_P', 'Placard', '12', 1, 8, 6, 1, 1, 1, 1, 2, 2, 2, 2, 2, 'X', 2, 2, 1, 1, SYSDATE, SYSDATE, 'Terminais2021', 1 );

--t_game_channel
INSERT INTO hera.t_game_channel (GAME_ID, CHANNEL_ID, SALES_STATUS_ID, CANCELATION_STATUS_ID, PRIZE_VALIDATION_STATUS_ID, PRIZE_PAYMENT_STATUS_ID, ORDER_STATUS_ID, RETURN_STATUS_ID, CANCELATION_TIME, DELIVERY_STATUS_ID, RECEPTION_STATUS_ID, FINANCIAL_REPORT_STATUS_ID, REPORT_STATUS_ID, ENTRY_DATE, LAST_UPDATE_DATE, LAST_USER_ID, VERSION ) VALUES(4, 1, 1, 1, 1, 1, 2, 2, 22, 2, 2, 1, 1, SYSDATE, SYSDATE, 'Terminais2021', 1 );
INSERT INTO hera.t_game_channel (GAME_ID, CHANNEL_ID, SALES_STATUS_ID, CANCELATION_STATUS_ID, PRIZE_VALIDATION_STATUS_ID, PRIZE_PAYMENT_STATUS_ID, ORDER_STATUS_ID, RETURN_STATUS_ID, CANCELATION_TIME, DELIVERY_STATUS_ID, RECEPTION_STATUS_ID, FINANCIAL_REPORT_STATUS_ID, REPORT_STATUS_ID, ENTRY_DATE, LAST_UPDATE_DATE, LAST_USER_ID, VERSION ) VALUES(4, 2, 0, 0, 0, 0, 0, 0, 22, 0, 0, 0, 0, SYSDATE, SYSDATE, 'Terminais2021', 1 );
INSERT INTO hera.t_game_channel (GAME_ID, CHANNEL_ID, SALES_STATUS_ID, CANCELATION_STATUS_ID, PRIZE_VALIDATION_STATUS_ID, PRIZE_PAYMENT_STATUS_ID, ORDER_STATUS_ID, RETURN_STATUS_ID, CANCELATION_TIME, DELIVERY_STATUS_ID, RECEPTION_STATUS_ID, FINANCIAL_REPORT_STATUS_ID, REPORT_STATUS_ID, ENTRY_DATE, LAST_UPDATE_DATE, LAST_USER_ID, VERSION ) VALUES(4, 6, 0, 0, 0, 0, 0, 0, 22, 0, 0, 0, 0, SYSDATE, SYSDATE, 'Terminais2021', 1 );
INSERT INTO hera.t_game_channel (GAME_ID, CHANNEL_ID, SALES_STATUS_ID, CANCELATION_STATUS_ID, PRIZE_VALIDATION_STATUS_ID, PRIZE_PAYMENT_STATUS_ID, ORDER_STATUS_ID, RETURN_STATUS_ID, CANCELATION_TIME, DELIVERY_STATUS_ID, RECEPTION_STATUS_ID, FINANCIAL_REPORT_STATUS_ID, REPORT_STATUS_ID, ENTRY_DATE, LAST_UPDATE_DATE, LAST_USER_ID, VERSION ) VALUES(5, 1, 1, 1, 1, 1, 2, 2, 22, 2, 2, 1, 1, SYSDATE, SYSDATE, 'Terminais2021', 1 );
INSERT INTO hera.t_game_channel (GAME_ID, CHANNEL_ID, SALES_STATUS_ID, CANCELATION_STATUS_ID, PRIZE_VALIDATION_STATUS_ID, PRIZE_PAYMENT_STATUS_ID, ORDER_STATUS_ID, RETURN_STATUS_ID, CANCELATION_TIME, DELIVERY_STATUS_ID, RECEPTION_STATUS_ID, FINANCIAL_REPORT_STATUS_ID, REPORT_STATUS_ID, ENTRY_DATE, LAST_UPDATE_DATE, LAST_USER_ID, VERSION ) VALUES(5, 2, 1, 1, 1, 1, 2, 2, 22, 2, 2, 1, 1, SYSDATE, SYSDATE, 'Terminais2021', 1 );
INSERT INTO hera.t_game_channel (GAME_ID, CHANNEL_ID, SALES_STATUS_ID, CANCELATION_STATUS_ID, PRIZE_VALIDATION_STATUS_ID, PRIZE_PAYMENT_STATUS_ID, ORDER_STATUS_ID, RETURN_STATUS_ID, CANCELATION_TIME, DELIVERY_STATUS_ID, RECEPTION_STATUS_ID, FINANCIAL_REPORT_STATUS_ID, REPORT_STATUS_ID, ENTRY_DATE, LAST_UPDATE_DATE, LAST_USER_ID, VERSION ) VALUES(6, 1, 1, 1, 1, 1, 2, 2, 22, 2, 2, 1, 1, SYSDATE, SYSDATE, 'Terminais2021', 1 );
INSERT INTO hera.t_game_channel (GAME_ID, CHANNEL_ID, SALES_STATUS_ID, CANCELATION_STATUS_ID, PRIZE_VALIDATION_STATUS_ID, PRIZE_PAYMENT_STATUS_ID, ORDER_STATUS_ID, RETURN_STATUS_ID, CANCELATION_TIME, DELIVERY_STATUS_ID, RECEPTION_STATUS_ID, FINANCIAL_REPORT_STATUS_ID, REPORT_STATUS_ID, ENTRY_DATE, LAST_UPDATE_DATE, LAST_USER_ID, VERSION ) VALUES(6, 2, 1, 1, 1, 1, 2, 2, 22, 2, 2, 1, 1, SYSDATE, SYSDATE, 'Terminais2021', 1 );
INSERT INTO hera.t_game_channel (GAME_ID, CHANNEL_ID, SALES_STATUS_ID, CANCELATION_STATUS_ID, PRIZE_VALIDATION_STATUS_ID, PRIZE_PAYMENT_STATUS_ID, ORDER_STATUS_ID, RETURN_STATUS_ID, CANCELATION_TIME, DELIVERY_STATUS_ID, RECEPTION_STATUS_ID, FINANCIAL_REPORT_STATUS_ID, REPORT_STATUS_ID, ENTRY_DATE, LAST_UPDATE_DATE, LAST_USER_ID, VERSION ) VALUES(7, 1, 1, 1, 1, 1, 1, 2, 22, 1, 1, 1, 1, SYSDATE, SYSDATE, 'Terminais2021', 1 );
INSERT INTO hera.t_game_channel (GAME_ID, CHANNEL_ID, SALES_STATUS_ID, CANCELATION_STATUS_ID, PRIZE_VALIDATION_STATUS_ID, PRIZE_PAYMENT_STATUS_ID, ORDER_STATUS_ID, RETURN_STATUS_ID, CANCELATION_TIME, DELIVERY_STATUS_ID, RECEPTION_STATUS_ID, FINANCIAL_REPORT_STATUS_ID, REPORT_STATUS_ID, ENTRY_DATE, LAST_UPDATE_DATE, LAST_USER_ID, VERSION ) VALUES(8, 1, 1, 1, 1, 1, 2, 2, 22, 2, 2, 1, 1, SYSDATE, SYSDATE, 'Terminais2021', 1 );
INSERT INTO hera.t_game_channel (GAME_ID, CHANNEL_ID, SALES_STATUS_ID, CANCELATION_STATUS_ID, PRIZE_VALIDATION_STATUS_ID, PRIZE_PAYMENT_STATUS_ID, ORDER_STATUS_ID, RETURN_STATUS_ID, CANCELATION_TIME, DELIVERY_STATUS_ID, RECEPTION_STATUS_ID, FINANCIAL_REPORT_STATUS_ID, REPORT_STATUS_ID, ENTRY_DATE, LAST_UPDATE_DATE, LAST_USER_ID, VERSION ) VALUES(8, 2, 1, 1, 1, 1, 2, 2, 22, 2, 2, 1, 1, SYSDATE, SYSDATE, 'Terminais2021', 1 );
INSERT INTO hera.t_game_channel (GAME_ID, CHANNEL_ID, SALES_STATUS_ID, CANCELATION_STATUS_ID, PRIZE_VALIDATION_STATUS_ID, PRIZE_PAYMENT_STATUS_ID, ORDER_STATUS_ID, RETURN_STATUS_ID, CANCELATION_TIME, DELIVERY_STATUS_ID, RECEPTION_STATUS_ID, FINANCIAL_REPORT_STATUS_ID, REPORT_STATUS_ID, ENTRY_DATE, LAST_UPDATE_DATE, LAST_USER_ID, VERSION ) VALUES(8, 6, 1, 1, 1, 2, 2, 2, 22, 2, 2, 1, 1, SYSDATE, SYSDATE, 'Terminais2021', 1 );
INSERT INTO hera.t_game_channel (GAME_ID, CHANNEL_ID, SALES_STATUS_ID, CANCELATION_STATUS_ID, PRIZE_VALIDATION_STATUS_ID, PRIZE_PAYMENT_STATUS_ID, ORDER_STATUS_ID, RETURN_STATUS_ID, CANCELATION_TIME, DELIVERY_STATUS_ID, RECEPTION_STATUS_ID, FINANCIAL_REPORT_STATUS_ID, REPORT_STATUS_ID, ENTRY_DATE, LAST_UPDATE_DATE, LAST_USER_ID, VERSION ) VALUES(9, 1, 1, 1, 1, 1, 2, 2, 22, 2, 2, 1, 1, SYSDATE, SYSDATE, 'Terminais2021', 1 );
INSERT INTO hera.t_game_channel (GAME_ID, CHANNEL_ID, SALES_STATUS_ID, CANCELATION_STATUS_ID, PRIZE_VALIDATION_STATUS_ID, PRIZE_PAYMENT_STATUS_ID, ORDER_STATUS_ID, RETURN_STATUS_ID, CANCELATION_TIME, DELIVERY_STATUS_ID, RECEPTION_STATUS_ID, FINANCIAL_REPORT_STATUS_ID, REPORT_STATUS_ID, ENTRY_DATE, LAST_UPDATE_DATE, LAST_USER_ID, VERSION ) VALUES(9, 2, 1, 1, 1, 1, 2, 2, 22, 2, 2, 1, 1, SYSDATE, SYSDATE, 'Terminais2021', 1 );
INSERT INTO hera.t_game_channel (GAME_ID, CHANNEL_ID, SALES_STATUS_ID, CANCELATION_STATUS_ID, PRIZE_VALIDATION_STATUS_ID, PRIZE_PAYMENT_STATUS_ID, ORDER_STATUS_ID, RETURN_STATUS_ID, CANCELATION_TIME, DELIVERY_STATUS_ID, RECEPTION_STATUS_ID, FINANCIAL_REPORT_STATUS_ID, REPORT_STATUS_ID, ENTRY_DATE, LAST_UPDATE_DATE, LAST_USER_ID, VERSION ) VALUES(9, 6, 1, 1, 1, 2, 2, 2, 22, 2, 2, 1, 1, SYSDATE, SYSDATE, 'Terminais2021', 1 );
INSERT INTO hera.t_game_channel (GAME_ID, CHANNEL_ID, SALES_STATUS_ID, CANCELATION_STATUS_ID, PRIZE_VALIDATION_STATUS_ID, PRIZE_PAYMENT_STATUS_ID, ORDER_STATUS_ID, RETURN_STATUS_ID, CANCELATION_TIME, DELIVERY_STATUS_ID, RECEPTION_STATUS_ID, FINANCIAL_REPORT_STATUS_ID, REPORT_STATUS_ID, ENTRY_DATE, LAST_UPDATE_DATE, LAST_USER_ID, VERSION ) VALUES(10, 1, 1, 1, 1, 1, 2, 2, 22, 2, 2, 1, 1, SYSDATE, SYSDATE, 'Terminais2021', 1 );
INSERT INTO hera.t_game_channel (GAME_ID, CHANNEL_ID, SALES_STATUS_ID, CANCELATION_STATUS_ID, PRIZE_VALIDATION_STATUS_ID, PRIZE_PAYMENT_STATUS_ID, ORDER_STATUS_ID, RETURN_STATUS_ID, CANCELATION_TIME, DELIVERY_STATUS_ID, RECEPTION_STATUS_ID, FINANCIAL_REPORT_STATUS_ID, REPORT_STATUS_ID, ENTRY_DATE, LAST_UPDATE_DATE, LAST_USER_ID, VERSION ) VALUES(10, 2, 1, 1, 1, 1, 2, 2, 22, 2, 2, 1, 1, SYSDATE, SYSDATE, 'Terminais2021', 1 );
INSERT INTO hera.t_game_channel (GAME_ID, CHANNEL_ID, SALES_STATUS_ID, CANCELATION_STATUS_ID, PRIZE_VALIDATION_STATUS_ID, PRIZE_PAYMENT_STATUS_ID, ORDER_STATUS_ID, RETURN_STATUS_ID, CANCELATION_TIME, DELIVERY_STATUS_ID, RECEPTION_STATUS_ID, FINANCIAL_REPORT_STATUS_ID, REPORT_STATUS_ID, ENTRY_DATE, LAST_UPDATE_DATE, LAST_USER_ID, VERSION ) VALUES(10, 6, 1, 1, 1, 2, 2, 2, 22, 2, 2, 1, 1, SYSDATE, SYSDATE, 'Terminais2021', 1 );
INSERT INTO hera.t_game_channel (GAME_ID, CHANNEL_ID, SALES_STATUS_ID, CANCELATION_STATUS_ID, PRIZE_VALIDATION_STATUS_ID, PRIZE_PAYMENT_STATUS_ID, ORDER_STATUS_ID, RETURN_STATUS_ID, CANCELATION_TIME, DELIVERY_STATUS_ID, RECEPTION_STATUS_ID, FINANCIAL_REPORT_STATUS_ID, REPORT_STATUS_ID, ENTRY_DATE, LAST_UPDATE_DATE, LAST_USER_ID, VERSION ) VALUES(11, 1, 1, 1, 1, 1, 2, 2, 22, 2, 2, 1, 1, SYSDATE, SYSDATE, 'Terminais2021', 1 );

--t_system_game
INSERT INTO hera.t_system_game (SYSTEM_ID, GAME_ID, SALES_STATUS_ID, CANCELATION_STATUS_ID, PRIZE_VALIDATION_STATUS_ID, PRIZE_PAYMENT_STATUS_ID, ORDER_STATUS_ID, RETURN_STATUS_ID, CANCELATION_TIME, DELIVERY_STATUS_ID, RECEPTION_STATUS_ID, FINANCIAL_REPORT_STATUS_ID, REPORT_STATUS_ID, ENTRY_DATE, LAST_UPDATE_DATE, LAST_USER_ID, VERSION ) VALUES(5, 8, 1, 1, 1, 1, 2, 2, 22, 2, 2, 1, 1, SYSDATE, SYSDATE, 'Terminais2021', 1 );
INSERT INTO hera.t_system_game (SYSTEM_ID, GAME_ID, SALES_STATUS_ID, CANCELATION_STATUS_ID, PRIZE_VALIDATION_STATUS_ID, PRIZE_PAYMENT_STATUS_ID, ORDER_STATUS_ID, RETURN_STATUS_ID, CANCELATION_TIME, DELIVERY_STATUS_ID, RECEPTION_STATUS_ID, FINANCIAL_REPORT_STATUS_ID, REPORT_STATUS_ID, ENTRY_DATE, LAST_UPDATE_DATE, LAST_USER_ID, VERSION ) VALUES(5, 9, 1, 1, 1, 1, 2, 2, 22, 2, 2, 1, 1, SYSDATE, SYSDATE, 'Terminais2021', 1 );
INSERT INTO hera.t_system_game (SYSTEM_ID, GAME_ID, SALES_STATUS_ID, CANCELATION_STATUS_ID, PRIZE_VALIDATION_STATUS_ID, PRIZE_PAYMENT_STATUS_ID, ORDER_STATUS_ID, RETURN_STATUS_ID, CANCELATION_TIME, DELIVERY_STATUS_ID, RECEPTION_STATUS_ID, FINANCIAL_REPORT_STATUS_ID, REPORT_STATUS_ID, ENTRY_DATE, LAST_UPDATE_DATE, LAST_USER_ID, VERSION ) VALUES(5, 10, 1, 1, 1, 1, 2, 2, 22, 2, 2, 1, 1, SYSDATE, SYSDATE, 'Terminais2021', 1 );
INSERT INTO hera.t_system_game (SYSTEM_ID, GAME_ID, SALES_STATUS_ID, CANCELATION_STATUS_ID, PRIZE_VALIDATION_STATUS_ID, PRIZE_PAYMENT_STATUS_ID, ORDER_STATUS_ID, RETURN_STATUS_ID, CANCELATION_TIME, DELIVERY_STATUS_ID, RECEPTION_STATUS_ID, FINANCIAL_REPORT_STATUS_ID, REPORT_STATUS_ID, ENTRY_DATE, LAST_UPDATE_DATE, LAST_USER_ID, VERSION ) VALUES(6, 11, 1, 1, 1, 1, 2, 2, 22, 2, 2, 1, 1, SYSDATE, SYSDATE, 'Terminais2021', 1 );
INSERT INTO hera.t_system_game (SYSTEM_ID, GAME_ID, SALES_STATUS_ID, CANCELATION_STATUS_ID, PRIZE_VALIDATION_STATUS_ID, PRIZE_PAYMENT_STATUS_ID, ORDER_STATUS_ID, RETURN_STATUS_ID, CANCELATION_TIME, DELIVERY_STATUS_ID, RECEPTION_STATUS_ID, FINANCIAL_REPORT_STATUS_ID, REPORT_STATUS_ID, ENTRY_DATE, LAST_UPDATE_DATE, LAST_USER_ID, VERSION ) VALUES(4, 4, 1, 1, 1, 1, 2, 2, 22, 2, 2, 1, 1, SYSDATE, SYSDATE, 'Terminais2021', 1 );
INSERT INTO hera.t_system_game (SYSTEM_ID, GAME_ID, SALES_STATUS_ID, CANCELATION_STATUS_ID, PRIZE_VALIDATION_STATUS_ID, PRIZE_PAYMENT_STATUS_ID, ORDER_STATUS_ID, RETURN_STATUS_ID, CANCELATION_TIME, DELIVERY_STATUS_ID, RECEPTION_STATUS_ID, FINANCIAL_REPORT_STATUS_ID, REPORT_STATUS_ID, ENTRY_DATE, LAST_UPDATE_DATE, LAST_USER_ID, VERSION ) VALUES(4, 5, 1, 1, 1, 1, 2, 2, 22, 2, 2, 1, 1, SYSDATE, SYSDATE, 'Terminais2021', 1 );
INSERT INTO hera.t_system_game (SYSTEM_ID, GAME_ID, SALES_STATUS_ID, CANCELATION_STATUS_ID, PRIZE_VALIDATION_STATUS_ID, PRIZE_PAYMENT_STATUS_ID, ORDER_STATUS_ID, RETURN_STATUS_ID, CANCELATION_TIME, DELIVERY_STATUS_ID, RECEPTION_STATUS_ID, FINANCIAL_REPORT_STATUS_ID, REPORT_STATUS_ID, ENTRY_DATE, LAST_UPDATE_DATE, LAST_USER_ID, VERSION ) VALUES(4, 6, 1, 1, 1, 1, 2, 2, 22, 2, 2, 1, 1, SYSDATE, SYSDATE, 'Terminais2021', 1 );
INSERT INTO hera.t_system_game (SYSTEM_ID, GAME_ID, SALES_STATUS_ID, CANCELATION_STATUS_ID, PRIZE_VALIDATION_STATUS_ID, PRIZE_PAYMENT_STATUS_ID, ORDER_STATUS_ID, RETURN_STATUS_ID, CANCELATION_TIME, DELIVERY_STATUS_ID, RECEPTION_STATUS_ID, FINANCIAL_REPORT_STATUS_ID, REPORT_STATUS_ID, ENTRY_DATE, LAST_UPDATE_DATE, LAST_USER_ID, VERSION ) VALUES(4, 7, 1, 1, 1, 1, 2, 2, 22, 2, 2, 1, 1, SYSDATE, SYSDATE, 'Terminais2021', 1 );

--t_message
INSERT INTO hera.t_message (MESSAGE_ID, INFO_MESSAGE_TYPE_ID, INFO_MESSAGE_STATUS_ID, MESSAGE_CODE, MESSAGE_SHDES, MESSAGE_TEXT, MESSAGE_DESCRIPTION, LOG_LEVEL, ENTRY_DATE, LAST_UPDATE_DATE, LAST_USER_ID, VERSION ) VALUES(1097, 3, 1, 'OLM_18001', 'EC_18001', 'O terminal não tem permissões para fazer Login.', 'O terminal não tem permissões para fazer Login.', NULL, SYSDATE, SYSDATE, 'Terminais2021', 1 );
INSERT INTO hera.t_message (MESSAGE_ID, INFO_MESSAGE_TYPE_ID, INFO_MESSAGE_STATUS_ID, MESSAGE_CODE, MESSAGE_SHDES, MESSAGE_TEXT, MESSAGE_DESCRIPTION, LOG_LEVEL, ENTRY_DATE, LAST_UPDATE_DATE, LAST_USER_ID, VERSION ) VALUES(1098, 3, 1, 'OLM_18002', 'EC_18002', 'Login de terminal bloqueado por tentativas excedidas.', 'Login de terminal bloqueado por tentativas excedidas.', NULL, SYSDATE, SYSDATE, 'Terminais2021', 1 );
INSERT INTO hera.t_message (MESSAGE_ID, INFO_MESSAGE_TYPE_ID, INFO_MESSAGE_STATUS_ID, MESSAGE_CODE, MESSAGE_SHDES, MESSAGE_TEXT, MESSAGE_DESCRIPTION, LOG_LEVEL, ENTRY_DATE, LAST_UPDATE_DATE, LAST_USER_ID, VERSION ) VALUES(1099, 3, 1, 'OLM_18003', 'EC_18003', 'Login de terminal bloqueado por botão de panico.', 'Login de terminal bloqueado por botão de panico.', NULL, SYSDATE, SYSDATE, 'Terminais2021', 1 );
INSERT INTO hera.t_message (MESSAGE_ID, INFO_MESSAGE_TYPE_ID, INFO_MESSAGE_STATUS_ID, MESSAGE_CODE, MESSAGE_SHDES, MESSAGE_TEXT, MESSAGE_DESCRIPTION, LOG_LEVEL, ENTRY_DATE, LAST_UPDATE_DATE, LAST_USER_ID, VERSION ) VALUES(1100, 3, 1, 'OLM_18004', 'EC_18004', 'Password de terminal inválida. Tem {0} tentativas de login de terminal.', 'Password de terminal inválida. Tem {0} tentativas de login de terminal.', NULL, SYSDATE, SYSDATE, 'Terminais2021', 1 );
INSERT INTO hera.t_message (MESSAGE_ID, INFO_MESSAGE_TYPE_ID, INFO_MESSAGE_STATUS_ID, MESSAGE_CODE, MESSAGE_SHDES, MESSAGE_TEXT, MESSAGE_DESCRIPTION, LOG_LEVEL, ENTRY_DATE, LAST_UPDATE_DATE, LAST_USER_ID, VERSION ) VALUES(1101, 3, 1, 'OLM_18005', 'EC_18005', 'Excedeu as tentativas de login de terminal.', 'Excedeu as tentativas de login de terminal.', NULL, SYSDATE, SYSDATE, 'Terminais2021', 1 );
INSERT INTO hera.t_message (MESSAGE_ID, INFO_MESSAGE_TYPE_ID, INFO_MESSAGE_STATUS_ID, MESSAGE_CODE, MESSAGE_SHDES, MESSAGE_TEXT, MESSAGE_DESCRIPTION, LOG_LEVEL, ENTRY_DATE, LAST_UPDATE_DATE, LAST_USER_ID, VERSION ) VALUES(1102, 3, 1, 'OLM_18006', 'EC_18006', 'Ocorreu um erro durante o processo de login de terminal.', 'Ocorreu um erro durante o processo de login de terminal.', NULL, SYSDATE, SYSDATE, 'Terminais2021', 1 );
INSERT INTO hera.t_message (MESSAGE_ID, INFO_MESSAGE_TYPE_ID, INFO_MESSAGE_STATUS_ID, MESSAGE_CODE, MESSAGE_SHDES, MESSAGE_TEXT, MESSAGE_DESCRIPTION, LOG_LEVEL, ENTRY_DATE, LAST_UPDATE_DATE, LAST_USER_ID, VERSION ) VALUES(1103, 3, 1, 'OLM_19001', 'EC_19001', 'Login de Gerente bloqueado por tentativas excedidas.', 'Login de Gerente bloqueado por tentativas excedidas.', NULL, SYSDATE, SYSDATE, 'Terminais2021', 1 );
INSERT INTO hera.t_message (MESSAGE_ID, INFO_MESSAGE_TYPE_ID, INFO_MESSAGE_STATUS_ID, MESSAGE_CODE, MESSAGE_SHDES, MESSAGE_TEXT, MESSAGE_DESCRIPTION, LOG_LEVEL, ENTRY_DATE, LAST_UPDATE_DATE, LAST_USER_ID, VERSION ) VALUES(1104, 3, 1, 'OLM_19002', 'EC_19002', 'Password inválida. Tem {0} tentativas de login de gerente.', 'Password inválida. Tem {0} tentativas de login de gerente.', NULL, SYSDATE, SYSDATE, 'Terminais2021', 1 );
INSERT INTO hera.t_message (MESSAGE_ID, INFO_MESSAGE_TYPE_ID, INFO_MESSAGE_STATUS_ID, MESSAGE_CODE, MESSAGE_SHDES, MESSAGE_TEXT, MESSAGE_DESCRIPTION, LOG_LEVEL, ENTRY_DATE, LAST_UPDATE_DATE, LAST_USER_ID, VERSION ) VALUES(1105, 3, 1, 'OLM_19003', 'EC_19003', 'Excedeu as tentativas de login de gerente.', 'Excedeu as tentativas de login de gerente.', NULL, SYSDATE, SYSDATE, 'Terminais2021', 1 );
INSERT INTO hera.t_message (MESSAGE_ID, INFO_MESSAGE_TYPE_ID, INFO_MESSAGE_STATUS_ID, MESSAGE_CODE, MESSAGE_SHDES, MESSAGE_TEXT, MESSAGE_DESCRIPTION, LOG_LEVEL, ENTRY_DATE, LAST_UPDATE_DATE, LAST_USER_ID, VERSION ) VALUES(1106, 3, 1, 'OLM_19004', 'EC_19004', 'Ocorreu um erro durante o processo de login de gerente.', 'Ocorreu um erro durante o processo de login de gerente.', NULL, SYSDATE, SYSDATE, 'Terminais2021', 1 );
INSERT INTO hera.t_message (MESSAGE_ID, INFO_MESSAGE_TYPE_ID, INFO_MESSAGE_STATUS_ID, MESSAGE_CODE, MESSAGE_SHDES, MESSAGE_TEXT, MESSAGE_DESCRIPTION, LOG_LEVEL, ENTRY_DATE, LAST_UPDATE_DATE, LAST_USER_ID, VERSION ) VALUES(1107, 3, 1, 'OLM_22001', 'EC_22001', 'Ocorreu um erro ao obter os parâmetros de jogo.', 'Ocorreu um erro ao obter os parâmetros de jogo.', NULL, SYSDATE, SYSDATE, 'Terminais2021', 1 );
INSERT INTO hera.t_message (MESSAGE_ID, INFO_MESSAGE_TYPE_ID, INFO_MESSAGE_STATUS_ID, MESSAGE_CODE, MESSAGE_SHDES, MESSAGE_TEXT, MESSAGE_DESCRIPTION, LOG_LEVEL, ENTRY_DATE, LAST_UPDATE_DATE, LAST_USER_ID, VERSION ) VALUES(1108, 3, 1, 'OLM_23001', 'EC_23001', 'Ocorreu um erro ao obter as permissões do terminal.', 'Ocorreu um erro ao obter as permissões do terminal.', NULL, SYSDATE, SYSDATE, 'Terminais2021', 1 );
INSERT INTO hera.t_message (MESSAGE_ID, INFO_MESSAGE_TYPE_ID, INFO_MESSAGE_STATUS_ID, MESSAGE_CODE, MESSAGE_SHDES, MESSAGE_TEXT, MESSAGE_DESCRIPTION, LOG_LEVEL, ENTRY_DATE, LAST_UPDATE_DATE, LAST_USER_ID, VERSION ) VALUES(1110, 3, 1, 'OLM_24001', 'EC_24001', 'Apenas são permitidos os jogos do sistema Euromilhões e ABP.', 'Apenas são permitidos os jogos do sistema Euromilhões e ABP.', NULL, SYSDATE, SYSDATE, 'Terminais2021', 1 );
INSERT INTO hera.t_message (MESSAGE_ID, INFO_MESSAGE_TYPE_ID, INFO_MESSAGE_STATUS_ID, MESSAGE_CODE, MESSAGE_SHDES, MESSAGE_TEXT, MESSAGE_DESCRIPTION, LOG_LEVEL, ENTRY_DATE, LAST_UPDATE_DATE, LAST_USER_ID, VERSION ) VALUES(1111, 3, 1, 'OLM_24002', 'EC_24002', 'Transação não encontrada.', 'Transação não encontrada.', NULL, SYSDATE, SYSDATE, 'Terminais2021', 1 );
INSERT INTO hera.t_message (MESSAGE_ID, INFO_MESSAGE_TYPE_ID, INFO_MESSAGE_STATUS_ID, MESSAGE_CODE, MESSAGE_SHDES, MESSAGE_TEXT, MESSAGE_DESCRIPTION, LOG_LEVEL, ENTRY_DATE, LAST_UPDATE_DATE, LAST_USER_ID, VERSION ) VALUES(1112, 3, 1, 'OLM_24003', 'EC_24003', 'Erro da plataforma externa [{0}].', 'Erro da plataforma externa [{0}].', NULL, SYSDATE, SYSDATE, 'Terminais2021', 1 );
INSERT INTO hera.t_message (MESSAGE_ID, INFO_MESSAGE_TYPE_ID, INFO_MESSAGE_STATUS_ID, MESSAGE_CODE, MESSAGE_SHDES, MESSAGE_TEXT, MESSAGE_DESCRIPTION, LOG_LEVEL, ENTRY_DATE, LAST_UPDATE_DATE, LAST_USER_ID, VERSION ) VALUES(1114, 4, 1, 'IM_SONMILL', 'IM_SONMILL', 'Sign-on Millennium sucesso.', 'Sign-on Millennium efetuado com sucesso.', NULL, SYSDATE, SYSDATE, 'Terminais2021', 1 );
INSERT INTO hera.t_message (MESSAGE_ID, INFO_MESSAGE_TYPE_ID, INFO_MESSAGE_STATUS_ID, MESSAGE_CODE, MESSAGE_SHDES, MESSAGE_TEXT, MESSAGE_DESCRIPTION, LOG_LEVEL, ENTRY_DATE, LAST_UPDATE_DATE, LAST_USER_ID, VERSION ) VALUES(1115, 4, 1, 'IM_LOGIN', 'IM_LOGIN', 'Login efetuado com sucesso.', 'Login efetuado com sucesso.', NULL, SYSDATE, SYSDATE, 'Terminais2021', 1 );

--t_message_display
INSERT INTO hera.t_message_display (MESSAGE_ID, DISPLAY, INFO_MESSAGE_STATUS_ID, MESSAGE_TEXT, ENTRY_DATE, LAST_UPDATE_DATE, LAST_USER_ID, VERSION ) VALUES(1097, SCREEN, 1, 'O terminal não tem permissões para fazer Login. Por favor contacte xxx.', SYSDATE, SYSDATE, 'Terminais2021', 1 );
INSERT INTO hera.t_message_display (MESSAGE_ID, DISPLAY, INFO_MESSAGE_STATUS_ID, MESSAGE_TEXT, ENTRY_DATE, LAST_UPDATE_DATE, LAST_USER_ID, VERSION ) VALUES(1098, SCREEN, 1, 'Excedeu as tentativas de login de terminal. Por favor contacte xxx.', SYSDATE, SYSDATE, 'Terminais2021', 1 );
INSERT INTO hera.t_message_display (MESSAGE_ID, DISPLAY, INFO_MESSAGE_STATUS_ID, MESSAGE_TEXT, ENTRY_DATE, LAST_UPDATE_DATE, LAST_USER_ID, VERSION ) VALUES(1101, SCREEN, 1, 'Excedeu as tentativas de login de terminal. Por favor contacte xxx.', SYSDATE, SYSDATE, 'Terminais2021', 1 );
INSERT INTO hera.t_message_display (MESSAGE_ID, DISPLAY, INFO_MESSAGE_STATUS_ID, MESSAGE_TEXT, ENTRY_DATE, LAST_UPDATE_DATE, LAST_USER_ID, VERSION ) VALUES(1102, SCREEN, 1, 'Ocorreu um erro durante o processo de login de terminal. Por favor tente mais tarde.', SYSDATE, SYSDATE, 'Terminais2021', 1 );
INSERT INTO hera.t_message_display (MESSAGE_ID, DISPLAY, INFO_MESSAGE_STATUS_ID, MESSAGE_TEXT, ENTRY_DATE, LAST_UPDATE_DATE, LAST_USER_ID, VERSION ) VALUES(1103, SCREEN, 1, 'Excedeu as tentativas de login de gerente. Por favor contacte xxx.', SYSDATE, SYSDATE, 'Terminais2021', 1 );
INSERT INTO hera.t_message_display (MESSAGE_ID, DISPLAY, INFO_MESSAGE_STATUS_ID, MESSAGE_TEXT, ENTRY_DATE, LAST_UPDATE_DATE, LAST_USER_ID, VERSION ) VALUES(1105, SCREEN, 1, 'Excedeu as tentativas de login de gerente. Por favor contacte xxx.', SYSDATE, SYSDATE, 'Terminais2021', 1 );
INSERT INTO hera.t_message_display (MESSAGE_ID, DISPLAY, INFO_MESSAGE_STATUS_ID, MESSAGE_TEXT, ENTRY_DATE, LAST_UPDATE_DATE, LAST_USER_ID, VERSION ) VALUES(1106, SCREEN, 1, 'Ocorreu um erro durante o processo de login de gerente. Por favor tente mais tarde.', SYSDATE, SYSDATE, 'Terminais2021', 1 );

COMMIT;
